step,timestamp,num_agents,actions_taken,llm_calls,step_duration_seconds
1,2025-10-28T01:50:38.418365,50,50,50,6.776197671890259
2,2025-10-28T01:50:38.419528,50,50,50,0.0010828971862792969
3,2025-10-28T01:50:38.420282,50,50,50,0.0007457733154296875
4,2025-10-28T01:50:43.740790,50,50,50,5.3204944133758545
5,2025-10-28T01:50:43.743523,50,50,50,0.002711057662963867
6,2025-10-28T01:50:43.744455,50,50,50,0.0009183883666992188
7,2025-10-28T01:50:49.181965,50,50,50,5.4374189376831055
8,2025-10-28T01:50:49.183286,50,50,50,0.00130462646484375
9,2025-10-28T01:50:49.184615,50,50,50,0.0013151168823242188
10,2025-10-28T01:50:54.441690,50,50,50,5.25706148147583
11,2025-10-28T01:50:54.442798,50,50,50,0.0010936260223388672
12,2025-10-28T01:50:54.443619,50,50,50,0.0007457733154296875
13,2025-10-28T01:50:59.569390,50,50,50,5.1257593631744385
14,2025-10-28T01:50:59.570450,50,50,50,0.001046895980834961
15,2025-10-28T01:50:59.571185,50,50,50,0.0007259845733642578
16,2025-10-28T01:51:04.735991,50,50,50,5.164790391921997
17,2025-10-28T01:51:04.737153,50,50,50,0.0010590553283691406
18,2025-10-28T01:51:04.737843,50,50,50,0.0006814002990722656
19,2025-10-28T01:51:09.964696,50,50,50,5.226839780807495
20,2025-10-28T01:51:09.965771,50,50,50,0.0010561943054199219
21,2025-10-28T01:51:09.966499,50,50,50,0.0007190704345703125
22,2025-10-28T01:51:14.970641,50,50,50,5.004059076309204
23,2025-10-28T01:51:14.971732,50,50,50,0.0010762214660644531
24,2025-10-28T01:51:14.972441,50,50,50,0.0007002353668212891
25,2025-10-28T01:51:19.981929,50,50,50,5.0094757080078125
26,2025-10-28T01:51:19.983853,50,50,50,0.0019078254699707031
27,2025-10-28T01:51:19.985078,50,50,50,0.0011141300201416016
28,2025-10-28T01:51:25.111055,50,50,50,5.125960111618042
29,2025-10-28T01:51:25.112553,50,50,50,0.001478433609008789
30,2025-10-28T01:51:25.114115,50,50,50,0.0015478134155273438
31,2025-10-28T01:51:30.510522,50,50,50,5.396392345428467
32,2025-10-28T01:51:30.511475,50,50,50,0.0008814334869384766
33,2025-10-28T01:51:30.512378,50,50,50,0.0008950233459472656
34,2025-10-28T01:51:36.013763,50,50,50,5.501371622085571
35,2025-10-28T01:51:36.014683,50,50,50,0.0008928775787353516
36,2025-10-28T01:51:36.015593,50,50,50,0.0009016990661621094
37,2025-10-28T01:51:41.531472,50,50,50,5.515798091888428
38,2025-10-28T01:51:41.532394,50,50,50,0.0009071826934814453
39,2025-10-28T01:51:41.533255,50,50,50,0.0008525848388671875
40,2025-10-28T01:51:46.932267,50,50,50,5.398999214172363
41,2025-10-28T01:51:46.933420,50,50,50,0.0011348724365234375
42,2025-10-28T01:51:46.934464,50,50,50,0.0009660720825195312
43,2025-10-28T01:51:52.172496,50,50,50,5.238016605377197
44,2025-10-28T01:51:52.173454,50,50,50,0.0009415149688720703
45,2025-10-28T01:51:52.174488,50,50,50,0.0010223388671875
46,2025-10-28T01:51:57.352322,50,50,50,5.177817344665527
47,2025-10-28T01:51:57.353349,50,50,50,0.0009324550628662109
48,2025-10-28T01:51:57.354253,50,50,50,0.0008945465087890625
49,2025-10-28T01:52:02.591127,50,50,50,5.236861705780029
50,2025-10-28T01:52:02.592026,50,50,50,0.0008819103240966797
51,2025-10-28T01:52:02.592926,50,50,50,0.0008916854858398438
52,2025-10-28T01:52:07.945325,50,50,50,5.352314472198486
53,2025-10-28T01:52:07.946238,50,50,50,0.0008988380432128906
54,2025-10-28T01:52:07.947080,50,50,50,0.0008332729339599609
55,2025-10-28T01:52:13.157107,50,50,50,5.210016250610352
56,2025-10-28T01:52:13.158015,50,50,50,0.0008940696716308594
57,2025-10-28T01:52:13.158973,50,50,50,0.0008847713470458984
58,2025-10-28T01:52:18.168716,50,50,50,5.009728670120239
59,2025-10-28T01:52:18.169641,50,50,50,0.0009098052978515625
60,2025-10-28T01:52:18.170538,50,50,50,0.000888824462890625
61,2025-10-28T01:52:22.961422,50,50,50,4.790872097015381
62,2025-10-28T01:52:22.962449,50,50,50,0.0009353160858154297
63,2025-10-28T01:52:22.963644,50,50,50,0.0011830329895019531
64,2025-10-28T01:52:27.749390,50,50,50,4.785733938217163
65,2025-10-28T01:52:27.750281,50,50,50,0.0008769035339355469
66,2025-10-28T01:52:27.751188,50,50,50,0.0008981227874755859
67,2025-10-28T01:52:32.607727,50,50,50,4.8564558029174805
68,2025-10-28T01:52:32.608623,50,50,50,0.0008780956268310547
69,2025-10-28T01:52:32.609513,50,50,50,0.0008809566497802734
70,2025-10-28T01:52:37.397001,50,50,50,4.787476539611816
71,2025-10-28T01:52:37.397902,50,50,50,0.0008869171142578125
72,2025-10-28T01:52:37.398902,50,50,50,0.0009202957153320312
73,2025-10-28T01:52:42.297693,50,50,50,4.898775815963745
74,2025-10-28T01:52:42.298651,50,50,50,0.0009372234344482422
75,2025-10-28T01:52:42.299530,50,50,50,0.0008690357208251953
76,2025-10-28T01:52:46.995762,50,50,50,4.696216583251953
77,2025-10-28T01:52:46.996770,50,50,50,0.0009095668792724609
78,2025-10-28T01:52:46.997659,50,50,50,0.0008754730224609375
79,2025-10-28T01:52:51.530258,50,50,50,4.532587766647339
80,2025-10-28T01:52:51.531146,50,50,50,0.0008745193481445312
81,2025-10-28T01:52:51.532005,50,50,50,0.0008511543273925781
82,2025-10-28T01:52:56.039456,50,50,50,4.507371664047241
83,2025-10-28T01:52:56.040589,50,50,50,0.0011115074157714844
84,2025-10-28T01:52:56.042131,50,50,50,0.0015289783477783203
85,2025-10-28T01:53:00.541563,50,50,50,4.499415159225464
86,2025-10-28T01:53:00.542535,50,50,50,0.0009560585021972656
87,2025-10-28T01:53:00.543543,50,50,50,0.0009307861328125
88,2025-10-28T01:53:05.217281,50,50,50,4.673725843429565
89,2025-10-28T01:53:05.218189,50,50,50,0.0008924007415771484
90,2025-10-28T01:53:05.219069,50,50,50,0.0008709430694580078
91,2025-10-28T01:53:10.038125,50,50,50,4.819044589996338
92,2025-10-28T01:53:10.039112,50,50,50,0.0009076595306396484
93,2025-10-28T01:53:10.040041,50,50,50,0.0009202957153320312
94,2025-10-28T01:53:15.058714,50,50,50,5.0186607837677
95,2025-10-28T01:53:15.059652,50,50,50,0.0009236335754394531
96,2025-10-28T01:53:15.060657,50,50,50,0.000995635986328125
97,2025-10-28T01:53:19.723350,50,50,50,4.662608623504639
98,2025-10-28T01:53:19.724187,50,50,50,0.000823974609375
99,2025-10-28T01:53:19.725242,50,50,50,0.0010476112365722656
100,2025-10-28T01:53:24.203729,50,50,50,4.47847580909729
101,2025-10-28T01:53:24.205275,50,50,50,0.0015311241149902344
102,2025-10-28T01:53:24.206307,50,50,50,0.0009262561798095703
103,2025-10-28T01:53:28.839318,50,50,50,4.63299822807312
104,2025-10-28T01:53:28.840324,50,50,50,0.0009937286376953125
105,2025-10-28T01:53:28.841117,50,50,50,0.0007853507995605469
106,2025-10-28T01:53:33.426507,50,50,50,4.585378170013428
107,2025-10-28T01:53:33.427591,50,50,50,0.0009856224060058594
108,2025-10-28T01:53:33.428361,50,50,50,0.0007624626159667969
109,2025-10-28T01:53:38.033892,50,50,50,4.605501651763916
110,2025-10-28T01:53:38.034931,50,50,50,0.0010182857513427734
111,2025-10-28T01:53:38.035722,50,50,50,0.0007827281951904297
112,2025-10-28T01:53:42.733705,50,50,50,4.6979005336761475
113,2025-10-28T01:53:42.734691,50,50,50,0.0009691715240478516
114,2025-10-28T01:53:42.735440,50,50,50,0.0007407665252685547
115,2025-10-28T01:53:47.479751,50,50,50,4.744300365447998
116,2025-10-28T01:53:47.480852,50,50,50,0.001085042953491211
117,2025-10-28T01:53:47.481746,50,50,50,0.0008039474487304688
118,2025-10-28T01:53:52.441617,50,50,50,4.959848165512085
119,2025-10-28T01:53:52.442710,50,50,50,0.0010728836059570312
120,2025-10-28T01:53:52.443469,50,50,50,0.0007505416870117188
121,2025-10-28T01:53:57.610869,50,50,50,5.167386531829834
122,2025-10-28T01:53:57.611983,50,50,50,0.0010023117065429688
123,2025-10-28T01:53:57.612722,50,50,50,0.0007295608520507812
124,2025-10-28T01:54:03.135484,50,50,50,5.52275013923645
125,2025-10-28T01:54:03.136476,50,50,50,0.0009739398956298828
126,2025-10-28T01:54:03.137223,50,50,50,0.0007388591766357422
127,2025-10-28T01:54:08.464943,50,50,50,5.327643632888794
128,2025-10-28T01:54:08.466026,50,50,50,0.0010516643524169922
129,2025-10-28T01:54:08.466967,50,50,50,0.0009300708770751953
130,2025-10-28T01:54:13.775195,50,50,50,5.308213710784912
131,2025-10-28T01:54:13.776196,50,50,50,0.0009829998016357422
132,2025-10-28T01:54:13.777082,50,50,50,0.0008094310760498047
133,2025-10-28T01:54:18.971160,50,50,50,5.194065809249878
134,2025-10-28T01:54:18.972116,50,50,50,0.0009417533874511719
135,2025-10-28T01:54:18.972842,50,50,50,0.0007190704345703125
136,2025-10-28T01:54:24.254664,50,50,50,5.28181004524231
137,2025-10-28T01:54:24.256157,50,50,50,0.001390218734741211
138,2025-10-28T01:54:24.256928,50,50,50,0.0007612705230712891
139,2025-10-28T01:54:29.481049,50,50,50,5.224109649658203
140,2025-10-28T01:54:29.482086,50,50,50,0.0010221004486083984
141,2025-10-28T01:54:29.482891,50,50,50,0.0007967948913574219
142,2025-10-28T01:54:35.180575,50,50,50,5.697594881057739
143,2025-10-28T01:54:35.181560,50,50,50,0.0009648799896240234
144,2025-10-28T01:54:35.182312,50,50,50,0.000743865966796875
145,2025-10-28T01:54:40.413166,50,50,50,5.230842351913452
146,2025-10-28T01:54:40.414143,50,50,50,0.0009593963623046875
147,2025-10-28T01:54:40.415003,50,50,50,0.0007834434509277344
148,2025-10-28T01:54:45.442841,50,50,50,5.0278260707855225
149,2025-10-28T01:54:45.443958,50,50,50,0.0011031627655029297
150,2025-10-28T01:54:45.444902,50,50,50,0.0009336471557617188
151,2025-10-28T01:54:50.925186,50,50,50,5.480273008346558
152,2025-10-28T01:54:50.926294,50,50,50,0.0010371208190917969
153,2025-10-28T01:54:50.927173,50,50,50,0.0008695125579833984
154,2025-10-28T01:54:56.573023,50,50,50,5.645838737487793
155,2025-10-28T01:54:56.573996,50,50,50,0.0009596347808837891
156,2025-10-28T01:54:56.574748,50,50,50,0.0007445812225341797
157,2025-10-28T01:55:02.012144,50,50,50,5.437314033508301
158,2025-10-28T01:55:02.013487,50,50,50,0.0013217926025390625
159,2025-10-28T01:55:02.014339,50,50,50,0.000843048095703125
160,2025-10-28T01:55:07.166537,50,50,50,5.152186870574951
161,2025-10-28T01:55:07.167538,50,50,50,0.0009860992431640625
162,2025-10-28T01:55:07.168406,50,50,50,0.0007925033569335938
163,2025-10-28T01:55:12.112009,50,50,50,4.943590879440308
164,2025-10-28T01:55:12.113091,50,50,50,0.0010678768157958984
165,2025-10-28T01:55:12.113845,50,50,50,0.0007452964782714844
166,2025-10-28T01:55:17.154869,50,50,50,5.041014671325684
167,2025-10-28T01:55:17.155974,50,50,50,0.0009875297546386719
168,2025-10-28T01:55:17.156714,50,50,50,0.0007314682006835938
169,2025-10-28T01:55:22.648511,50,50,50,5.491782903671265
170,2025-10-28T01:55:22.649581,50,50,50,0.0010409355163574219
171,2025-10-28T01:55:22.650940,50,50,50,0.0013489723205566406
172,2025-10-28T01:55:28.411597,50,50,50,5.760545253753662
173,2025-10-28T01:55:28.412544,50,50,50,0.0009338855743408203
174,2025-10-28T01:55:28.413302,50,50,50,0.0007498264312744141
175,2025-10-28T01:55:33.575745,50,50,50,5.162432670593262
176,2025-10-28T01:55:33.576754,50,50,50,0.0009946823120117188
177,2025-10-28T01:55:33.577667,50,50,50,0.0008375644683837891
178,2025-10-28T01:55:38.982625,50,50,50,5.404944181442261
179,2025-10-28T01:55:38.983715,50,50,50,0.0010733604431152344
180,2025-10-28T01:55:38.984515,50,50,50,0.0007910728454589844
181,2025-10-28T01:55:43.550574,50,50,50,4.566046714782715
182,2025-10-28T01:55:43.551764,50,50,50,0.001085519790649414
183,2025-10-28T01:55:43.552549,50,50,50,0.0007772445678710938
184,2025-10-28T01:55:48.491597,50,50,50,4.939038038253784
185,2025-10-28T01:55:48.492607,50,50,50,0.0009961128234863281
186,2025-10-28T01:55:48.493398,50,50,50,0.0007841587066650391
187,2025-10-28T01:55:53.010962,50,50,50,4.517491102218628
188,2025-10-28T01:55:53.011993,50,50,50,0.0010175704956054688
189,2025-10-28T01:55:53.012794,50,50,50,0.0007936954498291016
190,2025-10-28T01:55:57.768578,50,50,50,4.7557737827301025
191,2025-10-28T01:55:57.769538,50,50,50,0.0009477138519287109
192,2025-10-28T01:55:57.770402,50,50,50,0.0007910728454589844
193,2025-10-28T01:56:02.414857,50,50,50,4.6444411277771
194,2025-10-28T01:56:02.415917,50,50,50,0.0010459423065185547
195,2025-10-28T01:56:02.416650,50,50,50,0.0007257461547851562
196,2025-10-28T01:56:07.114643,50,50,50,4.6979820728302
197,2025-10-28T01:56:07.115748,50,50,50,0.00102996826171875
198,2025-10-28T01:56:07.116610,50,50,50,0.0008540153503417969
199,2025-10-28T01:56:12.285392,50,50,50,5.168768644332886
200,2025-10-28T01:56:12.286654,50,50,50,0.0012428760528564453
201,2025-10-28T01:56:12.287850,50,50,50,0.0011844635009765625
202,2025-10-28T01:56:17.211462,50,50,50,4.923487663269043
203,2025-10-28T01:56:17.212481,50,50,50,0.0009922981262207031
204,2025-10-28T01:56:17.213250,50,50,50,0.0007610321044921875
205,2025-10-28T01:56:21.849287,50,50,50,4.636021137237549
206,2025-10-28T01:56:21.850293,50,50,50,0.0009882450103759766
207,2025-10-28T01:56:21.851206,50,50,50,0.0008370876312255859
208,2025-10-28T01:56:26.282872,50,50,50,4.431654453277588
209,2025-10-28T01:56:26.283935,50,50,50,0.0010237693786621094
210,2025-10-28T01:56:26.284738,50,50,50,0.0007953643798828125
211,2025-10-28T01:56:31.306395,50,50,50,5.021645784378052
212,2025-10-28T01:56:31.307527,50,50,50,0.0010373592376708984
213,2025-10-28T01:56:31.308315,50,50,50,0.0007789134979248047
214,2025-10-28T01:56:35.817153,50,50,50,4.50882625579834
215,2025-10-28T01:56:35.818183,50,50,50,0.001016855239868164
216,2025-10-28T01:56:35.819017,50,50,50,0.0008270740509033203
217,2025-10-28T01:56:40.289240,50,50,50,4.470143795013428
218,2025-10-28T01:56:40.290245,50,50,50,0.0009894371032714844
219,2025-10-28T01:56:40.291018,50,50,50,0.0007653236389160156
220,2025-10-28T01:56:44.978075,50,50,50,4.68704628944397
221,2025-10-28T01:56:44.979089,50,50,50,0.0009999275207519531
222,2025-10-28T01:56:44.979933,50,50,50,0.0007739067077636719
223,2025-10-28T01:56:49.969369,50,50,50,4.9894232749938965
224,2025-10-28T01:56:49.970438,50,50,50,0.0010540485382080078
225,2025-10-28T01:56:49.971278,50,50,50,0.0008311271667480469
226,2025-10-28T01:56:54.973475,50,50,50,5.002186059951782
227,2025-10-28T01:56:54.974529,50,50,50,0.0009779930114746094
228,2025-10-28T01:56:54.975292,50,50,50,0.0007548332214355469
229,2025-10-28T01:56:59.734293,50,50,50,4.75899076461792
230,2025-10-28T01:56:59.735459,50,50,50,0.0011491775512695312
231,2025-10-28T01:56:59.736395,50,50,50,0.0009210109710693359
232,2025-10-28T01:57:04.489956,50,50,50,4.753476858139038
233,2025-10-28T01:57:04.490986,50,50,50,0.0010149478912353516
234,2025-10-28T01:57:04.491777,50,50,50,0.0007822513580322266
235,2025-10-28T01:57:09.141585,50,50,50,4.649797439575195
236,2025-10-28T01:57:09.142569,50,50,50,0.0009696483612060547
237,2025-10-28T01:57:09.143460,50,50,50,0.0008149147033691406
238,2025-10-28T01:57:13.762606,50,50,50,4.619133949279785
239,2025-10-28T01:57:13.763598,50,50,50,0.0009801387786865234
240,2025-10-28T01:57:13.764386,50,50,50,0.0007805824279785156
241,2025-10-28T01:57:18.817843,50,50,50,5.053445339202881
242,2025-10-28T01:57:18.819061,50,50,50,0.0010859966278076172
243,2025-10-28T01:57:18.819895,50,50,50,0.0008234977722167969
244,2025-10-28T01:57:23.700911,50,50,50,4.881000757217407
245,2025-10-28T01:57:23.701930,50,50,50,0.0009984970092773438
246,2025-10-28T01:57:23.702829,50,50,50,0.0008895397186279297
247,2025-10-28T01:57:29.281469,50,50,50,5.578549146652222
248,2025-10-28T01:57:29.282450,50,50,50,0.0009691715240478516
249,2025-10-28T01:57:29.283276,50,50,50,0.0008168220520019531
250,2025-10-28T01:57:34.214421,50,50,50,4.931132078170776
251,2025-10-28T01:57:34.215495,50,50,50,0.0010559558868408203
252,2025-10-28T01:57:34.216495,50,50,50,0.0009264945983886719
253,2025-10-28T01:57:39.594480,50,50,50,5.3779730796813965
254,2025-10-28T01:57:39.595416,50,50,50,0.0009229183197021484
255,2025-10-28T01:57:39.596168,50,50,50,0.0007450580596923828
256,2025-10-28T01:57:44.326981,50,50,50,4.730802536010742
257,2025-10-28T01:57:44.328105,50,50,50,0.0010440349578857422
258,2025-10-28T01:57:44.329010,50,50,50,0.0008947849273681641
259,2025-10-28T01:57:49.260986,50,50,50,4.931964159011841
260,2025-10-28T01:57:49.261986,50,50,50,0.0009865760803222656
261,2025-10-28T01:57:49.262764,50,50,50,0.0007710456848144531
262,2025-10-28T01:57:53.904695,50,50,50,4.641857862472534
263,2025-10-28T01:57:53.905827,50,50,50,0.0011188983917236328
264,2025-10-28T01:57:53.906706,50,50,50,0.0008690357208251953
265,2025-10-28T01:57:59.288017,50,50,50,5.381296634674072
266,2025-10-28T01:57:59.289046,50,50,50,0.0010154247283935547
267,2025-10-28T01:57:59.289989,50,50,50,0.0008656978607177734
268,2025-10-28T01:58:04.264605,50,50,50,4.974603891372681
269,2025-10-28T01:58:04.265623,50,50,50,0.0010037422180175781
270,2025-10-28T01:58:04.266418,50,50,50,0.0007867813110351562
271,2025-10-28T01:58:09.473210,50,50,50,5.206782102584839
272,2025-10-28T01:58:09.474315,50,50,50,0.001031637191772461
273,2025-10-28T01:58:09.475235,50,50,50,0.000911712646484375
274,2025-10-28T01:58:14.701711,50,50,50,5.226464509963989
275,2025-10-28T01:58:14.702760,50,50,50,0.0010347366333007812
276,2025-10-28T01:58:14.703713,50,50,50,0.0009436607360839844
277,2025-10-28T01:58:19.426598,50,50,50,4.722800016403198
278,2025-10-28T01:58:19.427771,50,50,50,0.0011565685272216797
279,2025-10-28T01:58:19.428725,50,50,50,0.0009419918060302734
280,2025-10-28T01:58:24.166492,50,50,50,4.737752914428711
281,2025-10-28T01:58:24.167523,50,50,50,0.001016855239868164
282,2025-10-28T01:58:24.168454,50,50,50,0.0008556842803955078
283,2025-10-28T01:58:29.531685,50,50,50,5.363219976425171
284,2025-10-28T01:58:29.532667,50,50,50,0.0009691715240478516
285,2025-10-28T01:58:29.533461,50,50,50,0.0007855892181396484
286,2025-10-28T01:58:34.404399,50,50,50,4.870926856994629
287,2025-10-28T01:58:34.405503,50,50,50,0.0010111331939697266
288,2025-10-28T01:58:34.406301,50,50,50,0.0007901191711425781
289,2025-10-28T01:58:39.810009,50,50,50,5.403697490692139
290,2025-10-28T01:58:39.810940,50,50,50,0.0009202957153320312
291,2025-10-28T01:58:39.811699,50,50,50,0.0007474422454833984
292,2025-10-28T01:58:45.033836,50,50,50,5.222065210342407
293,2025-10-28T01:58:45.034827,50,50,50,0.0009765625
294,2025-10-28T01:58:45.035590,50,50,50,0.0007555484771728516
295,2025-10-28T01:58:49.906486,50,50,50,4.8708837032318115
296,2025-10-28T01:58:49.907538,50,50,50,0.001035451889038086
297,2025-10-28T01:58:49.908444,50,50,50,0.0008325576782226562
298,2025-10-28T01:58:55.699852,50,50,50,5.791396141052246
299,2025-10-28T01:58:55.700946,50,50,50,0.0010814666748046875
300,2025-10-28T01:58:55.701756,50,50,50,0.0008015632629394531
301,2025-10-28T01:59:00.553912,50,50,50,4.852144002914429
302,2025-10-28T01:59:00.555018,50,50,50,0.0010266304016113281
303,2025-10-28T01:59:00.555789,50,50,50,0.000762939453125
304,2025-10-28T01:59:05.176376,50,50,50,4.620571851730347
305,2025-10-28T01:59:05.177408,50,50,50,0.0010089874267578125
306,2025-10-28T01:59:05.178171,50,50,50,0.0007543563842773438
307,2025-10-28T01:59:09.920906,50,50,50,4.7426581382751465
308,2025-10-28T01:59:09.921989,50,50,50,0.001065969467163086
309,2025-10-28T01:59:09.922818,50,50,50,0.0008203983306884766
310,2025-10-28T01:59:14.677460,50,50,50,4.75463080406189
311,2025-10-28T01:59:14.678538,50,50,50,0.0010640621185302734
312,2025-10-28T01:59:14.679508,50,50,50,0.0008928775787353516
313,2025-10-28T01:59:19.344106,50,50,50,4.664586305618286
314,2025-10-28T01:59:19.345096,50,50,50,0.0009772777557373047
315,2025-10-28T01:59:19.345838,50,50,50,0.0007352828979492188
316,2025-10-28T01:59:24.028252,50,50,50,4.682401180267334
317,2025-10-28T01:59:24.029375,50,50,50,0.001035928726196289
318,2025-10-28T01:59:24.030171,50,50,50,0.0007872581481933594
319,2025-10-28T01:59:28.607388,50,50,50,4.577205657958984
320,2025-10-28T01:59:28.608410,50,50,50,0.0010077953338623047
321,2025-10-28T01:59:28.609206,50,50,50,0.0007877349853515625
322,2025-10-28T01:59:32.958859,50,50,50,4.349575519561768
323,2025-10-28T01:59:32.959942,50,50,50,0.0010690689086914062
324,2025-10-28T01:59:32.960767,50,50,50,0.0008175373077392578
325,2025-10-28T01:59:37.799717,50,50,50,4.838937759399414
326,2025-10-28T01:59:37.800791,50,50,50,0.0010592937469482422
327,2025-10-28T01:59:37.801725,50,50,50,0.0008552074432373047
328,2025-10-28T01:59:42.366121,50,50,50,4.5643839836120605
329,2025-10-28T01:59:42.367173,50,50,50,0.00103759765625
330,2025-10-28T01:59:42.367966,50,50,50,0.0007855892181396484
331,2025-10-28T01:59:47.404511,50,50,50,5.03653359413147
332,2025-10-28T01:59:47.405650,50,50,50,0.0010466575622558594
333,2025-10-28T01:59:47.406478,50,50,50,0.0008203983306884766
334,2025-10-28T01:59:51.959730,50,50,50,4.55324125289917
335,2025-10-28T01:59:51.960729,50,50,50,0.000986337661743164
336,2025-10-28T01:59:51.961541,50,50,50,0.0008034706115722656
337,2025-10-28T01:59:56.496408,50,50,50,4.5347864627838135
338,2025-10-28T01:59:56.497445,50,50,50,0.0010228157043457031
339,2025-10-28T01:59:56.498270,50,50,50,0.0008172988891601562
340,2025-10-28T02:00:01.134512,50,50,50,4.6362316608428955
341,2025-10-28T02:00:01.135519,50,50,50,0.000993490219116211
342,2025-10-28T02:00:01.136399,50,50,50,0.0008065700531005859
343,2025-10-28T02:00:06.150278,50,50,50,5.013867378234863
344,2025-10-28T02:00:06.151275,50,50,50,0.0009844303131103516
345,2025-10-28T02:00:06.152035,50,50,50,0.0007522106170654297
346,2025-10-28T02:00:11.219642,50,50,50,5.067595481872559
347,2025-10-28T02:00:11.220760,50,50,50,0.0010399818420410156
348,2025-10-28T02:00:11.221589,50,50,50,0.0008199214935302734
349,2025-10-28T02:00:16.135363,50,50,50,4.91376256942749
350,2025-10-28T02:00:16.136369,50,50,50,0.0009922981262207031
351,2025-10-28T02:00:16.137156,50,50,50,0.0007784366607666016
352,2025-10-28T02:00:20.838683,50,50,50,4.701449871063232
353,2025-10-28T02:00:20.839747,50,50,50,0.0010488033294677734
354,2025-10-28T02:00:20.840558,50,50,50,0.0008029937744140625
355,2025-10-28T02:00:25.522964,50,50,50,4.682393789291382
356,2025-10-28T02:00:25.524658,50,50,50,0.0016756057739257812
357,2025-10-28T02:00:25.525610,50,50,50,0.0008416175842285156
358,2025-10-28T02:00:30.074371,50,50,50,4.5487494468688965
359,2025-10-28T02:00:30.075406,50,50,50,0.0010218620300292969
360,2025-10-28T02:00:30.076191,50,50,50,0.0007760524749755859
361,2025-10-28T02:00:35.747286,50,50,50,5.671082258224487
362,2025-10-28T02:00:35.748448,50,50,50,0.0010573863983154297
363,2025-10-28T02:00:35.749237,50,50,50,0.0007798671722412109
364,2025-10-28T02:00:40.835776,50,50,50,5.086525917053223
365,2025-10-28T02:00:40.836831,50,50,50,0.0010347366333007812
366,2025-10-28T02:00:40.837607,50,50,50,0.0007679462432861328
367,2025-10-28T02:00:45.690267,50,50,50,4.852584600448608
368,2025-10-28T02:00:45.691522,50,50,50,0.0012383460998535156
369,2025-10-28T02:00:45.692869,50,50,50,0.0013337135314941406
370,2025-10-28T02:00:50.586049,50,50,50,4.8931427001953125
371,2025-10-28T02:00:50.587103,50,50,50,0.0010366439819335938
372,2025-10-28T02:00:50.588008,50,50,50,0.0008306503295898438
373,2025-10-28T02:00:55.707708,50,50,50,5.119686126708984
374,2025-10-28T02:00:55.708760,50,50,50,0.0010335445404052734
375,2025-10-28T02:00:55.709597,50,50,50,0.0008285045623779297
376,2025-10-28T02:01:00.526746,50,50,50,4.817136526107788
377,2025-10-28T02:01:00.527947,50,50,50,0.0010881423950195312
378,2025-10-28T02:01:00.528716,50,50,50,0.0007598400115966797
379,2025-10-28T02:01:06.213288,50,50,50,5.684559106826782
380,2025-10-28T02:01:06.215058,50,50,50,0.001749277114868164
381,2025-10-28T02:01:06.216440,50,50,50,0.0013685226440429688
382,2025-10-28T02:01:11.125450,50,50,50,4.908907651901245
383,2025-10-28T02:01:11.126468,50,50,50,0.0010042190551757812
384,2025-10-28T02:01:11.127266,50,50,50,0.0007901191711425781
385,2025-10-28T02:01:16.094230,50,50,50,4.966951847076416
386,2025-10-28T02:01:16.095240,50,50,50,0.0009839534759521484
387,2025-10-28T02:01:16.096187,50,50,50,0.0008723735809326172
388,2025-10-28T02:01:20.925146,50,50,50,4.828945159912109
389,2025-10-28T02:01:20.926205,50,50,50,0.0010428428649902344
390,2025-10-28T02:01:20.927004,50,50,50,0.0007915496826171875
391,2025-10-28T02:01:25.563098,50,50,50,4.636081695556641
392,2025-10-28T02:01:25.564309,50,50,50,0.0011296272277832031
393,2025-10-28T02:01:25.565122,50,50,50,0.0008034706115722656
394,2025-10-28T02:01:30.289650,50,50,50,4.724515914916992
395,2025-10-28T02:01:30.290657,50,50,50,0.0009927749633789062
396,2025-10-28T02:01:30.291440,50,50,50,0.000774383544921875
397,2025-10-28T02:01:35.277084,50,50,50,4.985565900802612
398,2025-10-28T02:01:35.278087,50,50,50,0.0009891986846923828
399,2025-10-28T02:01:35.278850,50,50,50,0.0007557868957519531
400,2025-10-28T02:01:35.279659,50,50,50,0.0008025169372558594
401,2025-10-28T02:01:35.280478,50,50,50,0.0008113384246826172
402,2025-10-28T02:01:35.281371,50,50,50,0.0008220672607421875
403,2025-10-28T02:01:35.282172,50,50,50,0.0007944107055664062
404,2025-10-28T02:01:35.282977,50,50,50,0.0007975101470947266
405,2025-10-28T02:01:35.283734,50,50,50,0.0007505416870117188
406,2025-10-28T02:01:35.284637,50,50,50,0.0008950233459472656
407,2025-10-28T02:01:35.285740,50,50,50,0.0010111331939697266
408,2025-10-28T02:01:35.286548,50,50,50,0.0007984638214111328
409,2025-10-28T02:01:35.287320,50,50,50,0.0007646083831787109
410,2025-10-28T02:01:35.288096,50,50,50,0.0007698535919189453
411,2025-10-28T02:01:35.288840,50,50,50,0.0007381439208984375
412,2025-10-28T02:01:35.290438,50,50,50,0.001508951187133789
413,2025-10-28T02:01:35.291375,50,50,50,0.0009238719940185547
414,2025-10-28T02:01:35.292188,50,50,50,0.0008044242858886719
415,2025-10-28T02:01:35.292992,50,50,50,0.0007958412170410156
416,2025-10-28T02:01:35.293778,50,50,50,0.0007786750793457031
417,2025-10-28T02:01:35.294684,50,50,50,0.0008327960968017578
418,2025-10-28T02:01:35.295568,50,50,50,0.0008752346038818359
419,2025-10-28T02:01:35.296421,50,50,50,0.0008447170257568359
420,2025-10-28T02:01:35.297209,50,50,50,0.0007801055908203125
421,2025-10-28T02:01:35.298003,50,50,50,0.0007863044738769531
422,2025-10-28T02:01:35.298865,50,50,50,0.0007910728454589844
423,2025-10-28T02:01:35.299643,50,50,50,0.0007717609405517578
424,2025-10-28T02:01:35.301107,50,50,50,0.0014545917510986328
425,2025-10-28T02:01:35.301914,50,50,50,0.0007982254028320312
426,2025-10-28T02:01:35.302669,50,50,50,0.0007481575012207031
427,2025-10-28T02:01:35.303539,50,50,50,0.0008058547973632812
428,2025-10-28T02:01:35.304337,50,50,50,0.0007905960083007812
429,2025-10-28T02:01:35.305167,50,50,50,0.0008223056793212891
430,2025-10-28T02:01:35.306090,50,50,50,0.0009136199951171875
431,2025-10-28T02:01:35.306896,50,50,50,0.0007777214050292969
432,2025-10-28T02:01:35.307757,50,50,50,0.00078582763671875
433,2025-10-28T02:01:35.308548,50,50,50,0.0007836818695068359
434,2025-10-28T02:01:35.309338,50,50,50,0.0007829666137695312
435,2025-10-28T02:01:35.310104,50,50,50,0.0007596015930175781
436,2025-10-28T02:01:35.311557,50,50,50,0.0014452934265136719
437,2025-10-28T02:01:35.312453,50,50,50,0.0008325576782226562
438,2025-10-28T02:01:35.313272,50,50,50,0.0008094310760498047
439,2025-10-28T02:01:35.314109,50,50,50,0.0008294582366943359
440,2025-10-28T02:01:35.315031,50,50,50,0.0009133815765380859
441,2025-10-28T02:01:35.315790,50,50,50,0.000751495361328125
442,2025-10-28T02:01:35.316668,50,50,50,0.0008060932159423828
443,2025-10-28T02:01:35.317474,50,50,50,0.0007984638214111328
444,2025-10-28T02:01:35.318242,50,50,50,0.0007600784301757812
445,2025-10-28T02:01:35.318995,50,50,50,0.0007481575012207031
446,2025-10-28T02:01:35.319743,50,50,50,0.0007421970367431641
447,2025-10-28T02:01:35.320616,50,50,50,0.0008015632629394531
448,2025-10-28T02:01:35.322059,50,50,50,0.0014345645904541016
449,2025-10-28T02:01:35.323003,50,50,50,0.0009329319000244141
450,2025-10-28T02:01:35.323907,50,50,50,0.0008940696716308594
451,2025-10-28T02:01:35.324659,50,50,50,0.0007429122924804688
452,2025-10-28T02:01:35.325545,50,50,50,0.0008149147033691406
453,2025-10-28T02:01:35.326333,50,50,50,0.0007805824279785156
454,2025-10-28T02:01:35.327117,50,50,50,0.0007774829864501953
455,2025-10-28T02:01:35.327872,50,50,50,0.0007476806640625
456,2025-10-28T02:01:35.328841,50,50,50,0.0009434223175048828
457,2025-10-28T02:01:35.329779,50,50,50,0.0008437633514404297
458,2025-10-28T02:01:35.330576,50,50,50,0.0007882118225097656
459,2025-10-28T02:01:35.331341,50,50,50,0.0007588863372802734
460,2025-10-28T02:01:35.332837,50,50,50,0.0014865398406982422
461,2025-10-28T02:01:35.333949,50,50,50,0.0010983943939208984
462,2025-10-28T02:01:35.335003,50,50,50,0.0009522438049316406
463,2025-10-28T02:01:35.336478,50,50,50,0.0014595985412597656
464,2025-10-28T02:01:35.337332,50,50,50,0.0008416175842285156
465,2025-10-28T02:01:35.338283,50,50,50,0.0009357929229736328
466,2025-10-28T02:01:35.339143,50,50,50,0.000850677490234375
467,2025-10-28T02:01:35.340110,50,50,50,0.0008802413940429688
468,2025-10-28T02:01:35.341455,50,50,50,0.0013327598571777344
469,2025-10-28T02:01:35.342568,50,50,50,0.0010995864868164062
470,2025-10-28T02:01:35.343388,50,50,50,0.0008113384246826172
471,2025-10-28T02:01:35.344153,50,50,50,0.0007579326629638672
472,2025-10-28T02:01:35.345864,50,50,50,0.0016353130340576172
473,2025-10-28T02:01:35.346812,50,50,50,0.0009100437164306641
474,2025-10-28T02:01:35.348364,50,50,50,0.0015399456024169922
475,2025-10-28T02:01:35.349240,50,50,50,0.00086212158203125
476,2025-10-28T02:01:35.350485,50,50,50,0.001230478286743164
477,2025-10-28T02:01:35.352259,50,50,50,0.0016646385192871094
478,2025-10-28T02:01:35.353185,50,50,50,0.0009114742279052734
479,2025-10-28T02:01:35.353966,50,50,50,0.0007727146148681641
480,2025-10-28T02:01:35.354702,50,50,50,0.0007293224334716797
481,2025-10-28T02:01:35.355482,50,50,50,0.0007741451263427734
482,2025-10-28T02:01:35.356427,50,50,50,0.0008709430694580078
483,2025-10-28T02:01:35.357319,50,50,50,0.0008814334869384766
484,2025-10-28T02:01:35.358648,50,50,50,0.0013189315795898438
485,2025-10-28T02:01:35.359447,50,50,50,0.0007908344268798828
486,2025-10-28T02:01:35.360232,50,50,50,0.0007777214050292969
487,2025-10-28T02:01:35.361074,50,50,50,0.0007784366607666016
488,2025-10-28T02:01:35.361851,50,50,50,0.0007696151733398438
489,2025-10-28T02:01:35.362624,50,50,50,0.0007672309875488281
490,2025-10-28T02:01:35.363391,50,50,50,0.0007600784301757812
491,2025-10-28T02:01:35.364267,50,50,50,0.0008680820465087891
492,2025-10-28T02:01:35.365504,50,50,50,0.001165628433227539
493,2025-10-28T02:01:35.366869,50,50,50,0.0013518333435058594
494,2025-10-28T02:01:35.367817,50,50,50,0.0009200572967529297
495,2025-10-28T02:01:35.368784,50,50,50,0.0009582042694091797
496,2025-10-28T02:01:35.370486,50,50,50,0.001689910888671875
497,2025-10-28T02:01:35.371431,50,50,50,0.0008752346038818359
498,2025-10-28T02:01:35.372198,50,50,50,0.0007586479187011719
499,2025-10-28T02:01:35.372960,50,50,50,0.00075531005859375
500,2025-10-28T02:01:35.373712,50,50,50,0.0007457733154296875
501,2025-10-28T02:01:35.374500,50,50,50,0.0007815361022949219
502,2025-10-28T02:01:35.375462,50,50,50,0.0008902549743652344
503,2025-10-28T02:01:35.376387,50,50,50,0.0009145736694335938
504,2025-10-28T02:01:35.377307,50,50,50,0.0009100437164306641
505,2025-10-28T02:01:35.378078,50,50,50,0.0007634162902832031
506,2025-10-28T02:01:35.378812,50,50,50,0.0007274150848388672
507,2025-10-28T02:01:35.379679,50,50,50,0.0007765293121337891
508,2025-10-28T02:01:35.381128,50,50,50,0.0014405250549316406
509,2025-10-28T02:01:35.381940,50,50,50,0.0008027553558349609
510,2025-10-28T02:01:35.382691,50,50,50,0.0007431507110595703
511,2025-10-28T02:01:35.383463,50,50,50,0.0007658004760742188
512,2025-10-28T02:01:35.384481,50,50,50,0.0009238719940185547
513,2025-10-28T02:01:35.385402,50,50,50,0.0009119510650634766
514,2025-10-28T02:01:35.386496,50,50,50,0.0010759830474853516
515,2025-10-28T02:01:35.387497,50,50,50,0.0009872913360595703
516,2025-10-28T02:01:35.388326,50,50,50,0.0008180141448974609
517,2025-10-28T02:01:35.389190,50,50,50,0.0007882118225097656
518,2025-10-28T02:01:35.389950,50,50,50,0.0007534027099609375
519,2025-10-28T02:01:35.390690,50,50,50,0.0007336139678955078
520,2025-10-28T02:01:35.392147,50,50,50,0.0014486312866210938
521,2025-10-28T02:01:35.392949,50,50,50,0.0007920265197753906
522,2025-10-28T02:01:35.393906,50,50,50,0.0008895397186279297
523,2025-10-28T02:01:35.394801,50,50,50,0.0008769035339355469
524,2025-10-28T02:01:35.395658,50,50,50,0.0008397102355957031
525,2025-10-28T02:01:35.396451,50,50,50,0.0007851123809814453
526,2025-10-28T02:01:35.397227,50,50,50,0.0007688999176025391
527,2025-10-28T02:01:35.398100,50,50,50,0.0007944107055664062
528,2025-10-28T02:01:35.398856,50,50,50,0.0007483959197998047
529,2025-10-28T02:01:35.399608,50,50,50,0.0007452964782714844
530,2025-10-28T02:01:35.400566,50,50,50,0.0009503364562988281
531,2025-10-28T02:01:35.401692,50,50,50,0.0011162757873535156
532,2025-10-28T02:01:35.403673,50,50,50,0.0019016265869140625
533,2025-10-28T02:01:35.404946,50,50,50,0.0012574195861816406
534,2025-10-28T02:01:35.406499,50,50,50,0.0015392303466796875
535,2025-10-28T02:01:35.407850,50,50,50,0.001336812973022461
536,2025-10-28T02:01:35.409188,50,50,50,0.001323699951171875
537,2025-10-28T02:01:35.410199,50,50,50,0.0009186267852783203
538,2025-10-28T02:01:35.411088,50,50,50,0.0008800029754638672
539,2025-10-28T02:01:35.412032,50,50,50,0.0009338855743408203
540,2025-10-28T02:01:35.412789,50,50,50,0.0007495880126953125
541,2025-10-28T02:01:35.413638,50,50,50,0.0008406639099121094
542,2025-10-28T02:01:35.414680,50,50,50,0.0009684562683105469
543,2025-10-28T02:01:35.415544,50,50,50,0.0008409023284912109
544,2025-10-28T02:01:35.417465,50,50,50,0.001909017562866211
545,2025-10-28T02:01:35.418372,50,50,50,0.0008940696716308594
546,2025-10-28T02:01:35.419155,50,50,50,0.0007753372192382812
547,2025-10-28T02:01:35.420054,50,50,50,0.0008304119110107422
548,2025-10-28T02:01:35.420817,50,50,50,0.0007548332214355469
549,2025-10-28T02:01:35.421665,50,50,50,0.0008404254913330078
550,2025-10-28T02:01:35.422444,50,50,50,0.0007660388946533203
551,2025-10-28T02:01:35.423828,50,50,50,0.0013742446899414062
552,2025-10-28T02:01:35.424806,50,50,50,0.0008556842803955078
553,2025-10-28T02:01:35.425802,50,50,50,0.0009853839874267578
554,2025-10-28T02:01:35.426676,50,50,50,0.0008623600006103516
555,2025-10-28T02:01:35.427456,50,50,50,0.0007717609405517578
556,2025-10-28T02:01:35.428726,50,50,50,0.0012619495391845703
557,2025-10-28T02:01:35.429566,50,50,50,0.0007889270782470703
558,2025-10-28T02:01:35.430365,50,50,50,0.0007870197296142578
559,2025-10-28T02:01:35.431147,50,50,50,0.0007741451263427734
560,2025-10-28T02:01:35.432719,50,50,50,0.0015628337860107422
561,2025-10-28T02:01:35.434267,50,50,50,0.0015342235565185547
562,2025-10-28T02:01:35.435952,50,50,50,0.0015785694122314453
563,2025-10-28T02:01:35.442398,50,50,50,0.0064318180084228516
564,2025-10-28T02:01:35.443184,50,50,50,0.0007765293121337891
565,2025-10-28T02:01:35.443946,50,50,50,0.0007543563842773438
566,2025-10-28T02:01:35.444667,50,50,50,0.0007085800170898438
567,2025-10-28T02:01:35.445507,50,50,50,0.0007634162902832031
568,2025-10-28T02:01:35.446703,50,50,50,0.0011873245239257812
569,2025-10-28T02:01:35.447465,50,50,50,0.0007548332214355469
570,2025-10-28T02:01:35.448224,50,50,50,0.000751495361328125
571,2025-10-28T02:01:35.449016,50,50,50,0.0007848739624023438
572,2025-10-28T02:01:35.449827,50,50,50,0.0007472038269042969
573,2025-10-28T02:01:35.451268,50,50,50,0.00142669677734375
574,2025-10-28T02:01:35.452502,50,50,50,0.0012068748474121094
575,2025-10-28T02:01:35.453306,50,50,50,0.0007941722869873047
576,2025-10-28T02:01:35.454258,50,50,50,0.0009443759918212891
577,2025-10-28T02:01:35.455277,50,50,50,0.0009138584136962891
578,2025-10-28T02:01:35.456061,50,50,50,0.0007755756378173828
579,2025-10-28T02:01:35.456818,50,50,50,0.0007498264312744141
580,2025-10-28T02:01:35.458203,50,50,50,0.0013766288757324219
581,2025-10-28T02:01:35.459028,50,50,50,0.0008103847503662109
582,2025-10-28T02:01:35.459905,50,50,50,0.0008146762847900391
583,2025-10-28T02:01:35.460749,50,50,50,0.0008294582366943359
584,2025-10-28T02:01:35.461694,50,50,50,0.0009355545043945312
585,2025-10-28T02:01:35.462491,50,50,50,0.0007884502410888672
586,2025-10-28T02:01:35.463277,50,50,50,0.0007791519165039062
587,2025-10-28T02:01:35.464151,50,50,50,0.0008056163787841797
588,2025-10-28T02:01:35.464941,50,50,50,0.0007834434509277344
589,2025-10-28T02:01:35.465709,50,50,50,0.0007565021514892578
590,2025-10-28T02:01:35.466473,50,50,50,0.0007574558258056641
591,2025-10-28T02:01:35.467243,50,50,50,0.0007641315460205078
592,2025-10-28T02:01:35.469104,50,50,50,0.001796722412109375
593,2025-10-28T02:01:35.470409,50,50,50,0.0012927055358886719
594,2025-10-28T02:01:35.471519,50,50,50,0.0010952949523925781
595,2025-10-28T02:01:35.473159,50,50,50,0.00162506103515625
596,2025-10-28T02:01:35.474303,50,50,50,0.0011310577392578125
597,2025-10-28T02:01:35.475675,50,50,50,0.0012824535369873047
598,2025-10-28T02:01:35.476935,50,50,50,0.0012469291687011719
599,2025-10-28T02:01:35.477726,50,50,50,0.0007824897766113281
600,2025-10-28T02:01:35.478521,50,50,50,0.0007874965667724609
601,2025-10-28T02:01:35.479328,50,50,50,0.0008001327514648438
602,2025-10-28T02:01:35.480258,50,50,50,0.0008525848388671875
603,2025-10-28T02:01:35.481213,50,50,50,0.0009448528289794922
604,2025-10-28T02:01:35.483116,50,50,50,0.0018925666809082031
605,2025-10-28T02:01:35.483974,50,50,50,0.0008373260498046875
606,2025-10-28T02:01:35.484758,50,50,50,0.0007767677307128906
607,2025-10-28T02:01:35.485688,50,50,50,0.0008482933044433594
608,2025-10-28T02:01:35.486512,50,50,50,0.0008149147033691406
609,2025-10-28T02:01:35.488015,50,50,50,0.0014927387237548828
610,2025-10-28T02:01:35.489651,50,50,50,0.0016210079193115234
611,2025-10-28T02:01:35.490972,50,50,50,0.001308441162109375
612,2025-10-28T02:01:35.492340,50,50,50,0.0012748241424560547
613,2025-10-28T02:01:35.493432,50,50,50,0.001079559326171875
614,2025-10-28T02:01:35.494792,50,50,50,0.0013473033905029297
615,2025-10-28T02:01:35.495921,50,50,50,0.0011184215545654297
616,2025-10-28T02:01:35.497732,50,50,50,0.0017976760864257812
617,2025-10-28T02:01:35.499387,50,50,50,0.001565694808959961
618,2025-10-28T02:01:35.500968,50,50,50,0.0015652179718017578
619,2025-10-28T02:01:35.502638,50,50,50,0.001653909683227539
620,2025-10-28T02:01:35.503726,50,50,50,0.0010650157928466797
621,2025-10-28T02:01:35.505067,50,50,50,0.0013270378112792969
622,2025-10-28T02:01:35.506067,50,50,50,0.0008933544158935547
623,2025-10-28T02:01:35.506937,50,50,50,0.0008602142333984375
624,2025-10-28T02:01:35.507726,50,50,50,0.0007810592651367188
625,2025-10-28T02:01:35.508531,50,50,50,0.0007984638214111328
626,2025-10-28T02:01:35.509475,50,50,50,0.0009357929229736328
627,2025-10-28T02:01:35.510401,50,50,50,0.0008404254913330078
628,2025-10-28T02:01:35.511875,50,50,50,0.0014581680297851562
629,2025-10-28T02:01:35.512746,50,50,50,0.0008425712585449219
630,2025-10-28T02:01:35.513584,50,50,50,0.0008292198181152344
631,2025-10-28T02:01:35.514513,50,50,50,0.0009205341339111328
632,2025-10-28T02:01:35.515726,50,50,50,0.0011360645294189453
633,2025-10-28T02:01:35.516750,50,50,50,0.0010120868682861328
634,2025-10-28T02:01:35.517764,50,50,50,0.0010013580322265625
635,2025-10-28T02:01:35.519019,50,50,50,0.0012431144714355469
636,2025-10-28T02:01:35.520322,50,50,50,0.0012831687927246094
637,2025-10-28T02:01:35.521265,50,50,50,0.0008602142333984375
638,2025-10-28T02:01:35.522078,50,50,50,0.0008053779602050781
639,2025-10-28T02:01:35.522845,50,50,50,0.0007596015930175781
640,2025-10-28T02:01:35.524338,50,50,50,0.0014834403991699219
641,2025-10-28T02:01:35.525160,50,50,50,0.0008130073547363281
642,2025-10-28T02:01:35.526026,50,50,50,0.0008001327514648438
643,2025-10-28T02:01:35.526906,50,50,50,0.0008671283721923828
644,2025-10-28T02:01:35.527820,50,50,50,0.0009047985076904297
645,2025-10-28T02:01:35.528598,50,50,50,0.0007710456848144531
646,2025-10-28T02:01:35.529397,50,50,50,0.0007913112640380859
647,2025-10-28T02:01:35.530289,50,50,50,0.0008213520050048828
648,2025-10-28T02:01:35.531085,50,50,50,0.0007879734039306641
649,2025-10-28T02:01:35.531852,50,50,50,0.0007603168487548828
650,2025-10-28T02:01:35.532648,50,50,50,0.0007901191711425781
651,2025-10-28T02:01:35.533493,50,50,50,0.0008327960968017578
652,2025-10-28T02:01:35.534380,50,50,50,0.0008144378662109375
653,2025-10-28T02:01:35.535228,50,50,50,0.0008385181427001953
654,2025-10-28T02:01:35.536115,50,50,50,0.0008776187896728516
655,2025-10-28T02:01:35.537614,50,50,50,0.0014853477478027344
656,2025-10-28T02:01:35.538432,50,50,50,0.0008089542388916016
657,2025-10-28T02:01:35.539343,50,50,50,0.0008332729339599609
658,2025-10-28T02:01:35.540141,50,50,50,0.0007901191711425781
659,2025-10-28T02:01:35.540940,50,50,50,0.0007865428924560547
660,2025-10-28T02:01:35.541686,50,50,50,0.0007388591766357422
661,2025-10-28T02:01:35.542483,50,50,50,0.0007915496826171875
662,2025-10-28T02:01:35.543372,50,50,50,0.0008175373077392578
663,2025-10-28T02:01:35.544172,50,50,50,0.0007929801940917969
664,2025-10-28T02:01:35.545721,50,50,50,0.001539468765258789
665,2025-10-28T02:01:35.546615,50,50,50,0.0008840560913085938
666,2025-10-28T02:01:35.547421,50,50,50,0.000797271728515625
667,2025-10-28T02:01:35.548317,50,50,50,0.0008208751678466797
668,2025-10-28T02:01:35.549098,50,50,50,0.0007739067077636719
669,2025-10-28T02:01:35.549862,50,50,50,0.0007538795471191406
670,2025-10-28T02:01:35.550651,50,50,50,0.0007827281951904297
671,2025-10-28T02:01:35.551450,50,50,50,0.0007922649383544922
672,2025-10-28T02:01:35.552809,50,50,50,0.0012867450714111328
673,2025-10-28T02:01:35.553952,50,50,50,0.0011293888092041016
674,2025-10-28T02:01:35.554725,50,50,50,0.0007586479187011719
675,2025-10-28T02:01:35.555486,50,50,50,0.0007548332214355469
676,2025-10-28T02:01:35.557032,50,50,50,0.0015370845794677734
677,2025-10-28T02:01:35.558581,50,50,50,0.0014834403991699219
678,2025-10-28T02:01:35.559766,50,50,50,0.0011706352233886719
679,2025-10-28T02:01:35.560858,50,50,50,0.0010805130004882812
680,2025-10-28T02:01:35.561937,50,50,50,0.0010650157928466797
681,2025-10-28T02:01:35.563488,50,50,50,0.001537322998046875
682,2025-10-28T02:01:35.564984,50,50,50,0.001371145248413086
683,2025-10-28T02:01:35.566132,50,50,50,0.0011365413665771484
684,2025-10-28T02:01:35.567711,50,50,50,0.0015654563903808594
685,2025-10-28T02:01:35.568871,50,50,50,0.0011470317840576172
686,2025-10-28T02:01:35.569661,50,50,50,0.0007603168487548828
687,2025-10-28T02:01:35.571097,50,50,50,0.0013434886932373047
688,2025-10-28T02:01:35.572440,50,50,50,0.0013322830200195312
689,2025-10-28T02:01:35.573259,50,50,50,0.0008111000061035156
690,2025-10-28T02:01:35.574047,50,50,50,0.0007741451263427734
691,2025-10-28T02:01:35.574805,50,50,50,0.0007510185241699219
692,2025-10-28T02:01:35.575678,50,50,50,0.0008115768432617188
693,2025-10-28T02:01:35.576636,50,50,50,0.000949859619140625
694,2025-10-28T02:01:35.577499,50,50,50,0.0008535385131835938
695,2025-10-28T02:01:35.578285,50,50,50,0.0007784366607666016
696,2025-10-28T02:01:35.579051,50,50,50,0.0007593631744384766
697,2025-10-28T02:01:35.579914,50,50,50,0.0007963180541992188
698,2025-10-28T02:01:35.580686,50,50,50,0.0007588863372802734
699,2025-10-28T02:01:35.581504,50,50,50,0.0008101463317871094
700,2025-10-28T02:01:35.583260,50,50,50,0.0017442703247070312
701,2025-10-28T02:01:35.584115,50,50,50,0.0008428096771240234
702,2025-10-28T02:01:35.585019,50,50,50,0.0008389949798583984
703,2025-10-28T02:01:35.585790,50,50,50,0.000762939453125
704,2025-10-28T02:01:35.586561,50,50,50,0.0007648468017578125
705,2025-10-28T02:01:35.587379,50,50,50,0.0008013248443603516
706,2025-10-28T02:01:35.588195,50,50,50,0.0008060932159423828
707,2025-10-28T02:01:35.589330,50,50,50,0.001066446304321289
708,2025-10-28T02:01:35.590205,50,50,50,0.0008654594421386719
709,2025-10-28T02:01:35.590988,50,50,50,0.0007750988006591797
710,2025-10-28T02:01:35.591742,50,50,50,0.0007483959197998047
711,2025-10-28T02:01:35.592505,50,50,50,0.0007569789886474609
712,2025-10-28T02:01:35.594255,50,50,50,0.0016798973083496094
713,2025-10-28T02:01:35.595296,50,50,50,0.0010223388671875
714,2025-10-28T02:01:35.596145,50,50,50,0.0008392333984375
715,2025-10-28T02:01:35.596906,50,50,50,0.0007534027099609375
716,2025-10-28T02:01:35.597655,50,50,50,0.0007424354553222656
717,2025-10-28T02:01:35.598551,50,50,50,0.0008227825164794922
718,2025-10-28T02:01:35.599703,50,50,50,0.0011413097381591797
719,2025-10-28T02:01:35.600743,50,50,50,0.00102996826171875
720,2025-10-28T02:01:35.601874,50,50,50,0.0011196136474609375
721,2025-10-28T02:01:35.603179,50,50,50,0.001268625259399414
722,2025-10-28T02:01:35.604626,50,50,50,0.0013217926025390625
723,2025-10-28T02:01:35.605544,50,50,50,0.0009057521820068359
724,2025-10-28T02:01:35.607584,50,50,50,0.0020263195037841797
725,2025-10-28T02:01:35.608416,50,50,50,0.0008192062377929688
726,2025-10-28T02:01:35.609219,50,50,50,0.0007944107055664062
727,2025-10-28T02:01:35.610366,50,50,50,0.0010755062103271484
728,2025-10-28T02:01:35.611296,50,50,50,0.0009188652038574219
729,2025-10-28T02:01:35.612677,50,50,50,0.0013649463653564453
730,2025-10-28T02:01:35.613545,50,50,50,0.0008559226989746094
731,2025-10-28T02:01:35.614370,50,50,50,0.0008161067962646484
732,2025-10-28T02:01:35.615269,50,50,50,0.0008213520050048828
733,2025-10-28T02:01:35.616064,50,50,50,0.0007872581481933594
734,2025-10-28T02:01:35.616829,50,50,50,0.0007588863372802734
735,2025-10-28T02:01:35.617920,50,50,50,0.0010828971862792969
736,2025-10-28T02:01:35.626898,50,50,50,0.008942127227783203
737,2025-10-28T02:01:35.627942,50,50,50,0.0009508132934570312
738,2025-10-28T02:01:35.628787,50,50,50,0.0008347034454345703
739,2025-10-28T02:01:35.629710,50,50,50,0.0009131431579589844
740,2025-10-28T02:01:35.630477,50,50,50,0.0007586479187011719
741,2025-10-28T02:01:35.631269,50,50,50,0.0007832050323486328
742,2025-10-28T02:01:35.632178,50,50,50,0.0008199214935302734
743,2025-10-28T02:01:35.633181,50,50,50,0.0009925365447998047
744,2025-10-28T02:01:35.634012,50,50,50,0.0008158683776855469
745,2025-10-28T02:01:35.635256,50,50,50,0.0012340545654296875
746,2025-10-28T02:01:35.636341,50,50,50,0.0010726451873779297
747,2025-10-28T02:01:35.637493,50,50,50,0.0010738372802734375
748,2025-10-28T02:01:35.639939,50,50,50,0.002432584762573242
749,2025-10-28T02:01:35.640716,50,50,50,0.0007672309875488281
750,2025-10-28T02:01:35.641483,50,50,50,0.0007600784301757812
751,2025-10-28T02:01:35.642231,50,50,50,0.0007402896881103516
752,2025-10-28T02:01:35.643084,50,50,50,0.0007798671722412109
753,2025-10-28T02:01:35.643812,50,50,50,0.0007214546203613281
754,2025-10-28T02:01:35.644546,50,50,50,0.0007274150848388672
755,2025-10-28T02:01:35.645338,50,50,50,0.00078582763671875
756,2025-10-28T02:01:35.646529,50,50,50,0.0011799335479736328
757,2025-10-28T02:01:35.647753,50,50,50,0.0011289119720458984
758,2025-10-28T02:01:35.648529,50,50,50,0.0007662773132324219
759,2025-10-28T02:01:35.649355,50,50,50,0.0008165836334228516
760,2025-10-28T02:01:35.651746,50,50,50,0.0023665428161621094
761,2025-10-28T02:01:35.653171,50,50,50,0.00141143798828125
762,2025-10-28T02:01:35.654398,50,50,50,0.001153707504272461
763,2025-10-28T02:01:35.655286,50,50,50,0.0008771419525146484
764,2025-10-28T02:01:35.656210,50,50,50,0.0009143352508544922
765,2025-10-28T02:01:35.656985,50,50,50,0.0007665157318115234
766,2025-10-28T02:01:35.658198,50,50,50,0.0012030601501464844
767,2025-10-28T02:01:35.659399,50,50,50,0.001085042953491211
768,2025-10-28T02:01:35.660187,50,50,50,0.0007789134979248047
769,2025-10-28T02:01:35.660979,50,50,50,0.0007832050323486328
770,2025-10-28T02:01:35.661717,50,50,50,0.0007288455963134766
771,2025-10-28T02:01:35.662493,50,50,50,0.0007691383361816406
772,2025-10-28T02:01:35.664039,50,50,50,0.0014681816101074219
773,2025-10-28T02:01:35.665133,50,50,50,0.0010828971862792969
774,2025-10-28T02:01:35.666412,50,50,50,0.0012650489807128906
775,2025-10-28T02:01:35.667624,50,50,50,0.0011949539184570312
776,2025-10-28T02:01:35.668783,50,50,50,0.0011463165283203125
777,2025-10-28T02:01:35.669863,50,50,50,0.0009965896606445312
778,2025-10-28T02:01:35.671471,50,50,50,0.001592874526977539
779,2025-10-28T02:01:35.672699,50,50,50,0.0012145042419433594
780,2025-10-28T02:01:35.673492,50,50,50,0.0007843971252441406
781,2025-10-28T02:01:35.674256,50,50,50,0.0007565021514892578
782,2025-10-28T02:01:35.675117,50,50,50,0.0007836818695068359
783,2025-10-28T02:01:35.676088,50,50,50,0.0009582042694091797
784,2025-10-28T02:01:35.677584,50,50,50,0.0014846324920654297
785,2025-10-28T02:01:35.678356,50,50,50,0.0007631778717041016
786,2025-10-28T02:01:35.679112,50,50,50,0.0007486343383789062
787,2025-10-28T02:01:35.679975,50,50,50,0.0007941722869873047
788,2025-10-28T02:01:35.680816,50,50,50,0.0008332729339599609
789,2025-10-28T02:01:35.681755,50,50,50,0.0009300708770751953
790,2025-10-28T02:01:35.682537,50,50,50,0.0007731914520263672
791,2025-10-28T02:01:35.683450,50,50,50,0.0009050369262695312
792,2025-10-28T02:01:35.684423,50,50,50,0.0008831024169921875
793,2025-10-28T02:01:35.685203,50,50,50,0.00077056884765625
794,2025-10-28T02:01:35.686195,50,50,50,0.0009810924530029297
795,2025-10-28T02:01:35.686957,50,50,50,0.0007534027099609375
796,2025-10-28T02:01:35.688376,50,50,50,0.0014095306396484375
797,2025-10-28T02:01:35.689308,50,50,50,0.0008664131164550781
798,2025-10-28T02:01:35.690271,50,50,50,0.0009462833404541016
799,2025-10-28T02:01:35.691056,50,50,50,0.0007765293121337891
800,2025-10-28T02:01:35.691786,50,50,50,0.0007236003875732422
801,2025-10-28T02:01:35.692558,50,50,50,0.0007655620574951172
802,2025-10-28T02:01:35.693419,50,50,50,0.000789642333984375
803,2025-10-28T02:01:35.694196,50,50,50,0.0007693767547607422
804,2025-10-28T02:01:35.694993,50,50,50,0.0007903575897216797
805,2025-10-28T02:01:35.696020,50,50,50,0.0010182857513427734
806,2025-10-28T02:01:35.696774,50,50,50,0.0007381439208984375
807,2025-10-28T02:01:35.697638,50,50,50,0.0007920265197753906
808,2025-10-28T02:01:35.699164,50,50,50,0.0015153884887695312
809,2025-10-28T02:01:35.700165,50,50,50,0.0009882450103759766
810,2025-10-28T02:01:35.701107,50,50,50,0.0009303092956542969
811,2025-10-28T02:01:35.702590,50,50,50,0.0014698505401611328
812,2025-10-28T02:01:35.703551,50,50,50,0.0008676052093505859
813,2025-10-28T02:01:35.704685,50,50,50,0.0011248588562011719
814,2025-10-28T02:01:35.705601,50,50,50,0.0009000301361083984
815,2025-10-28T02:01:35.706380,50,50,50,0.0007703304290771484
816,2025-10-28T02:01:35.707205,50,50,50,0.0008177757263183594
817,2025-10-28T02:01:35.708106,50,50,50,0.0008268356323242188
818,2025-10-28T02:01:35.709571,50,50,50,0.0014531612396240234
819,2025-10-28T02:01:35.710497,50,50,50,0.0009131431579589844
820,2025-10-28T02:01:35.711759,50,50,50,0.0012524127960205078
821,2025-10-28T02:01:35.712533,50,50,50,0.0007660388946533203
822,2025-10-28T02:01:35.713423,50,50,50,0.0008251667022705078
823,2025-10-28T02:01:35.714509,50,50,50,0.0010764598846435547
824,2025-10-28T02:01:35.715836,50,50,50,0.001313924789428711
825,2025-10-28T02:01:35.716660,50,50,50,0.0008144378662109375
826,2025-10-28T02:01:35.717433,50,50,50,0.0007655620574951172
827,2025-10-28T02:01:35.718300,50,50,50,0.0007891654968261719
828,2025-10-28T02:01:35.719072,50,50,50,0.0007650852203369141
829,2025-10-28T02:01:35.720269,50,50,50,0.0011832714080810547
830,2025-10-28T02:01:35.721433,50,50,50,0.00115203857421875
831,2025-10-28T02:01:35.722226,50,50,50,0.0007841587066650391
832,2025-10-28T02:01:35.724075,50,50,50,0.0017647743225097656
833,2025-10-28T02:01:35.725239,50,50,50,0.0011513233184814453
834,2025-10-28T02:01:35.726024,50,50,50,0.0007755756378173828
835,2025-10-28T02:01:35.726770,50,50,50,0.0007381439208984375
836,2025-10-28T02:01:35.727535,50,50,50,0.0007584095001220703
837,2025-10-28T02:01:35.728421,50,50,50,0.0008122920989990234
838,2025-10-28T02:01:35.729310,50,50,50,0.0008800029754638672
839,2025-10-28T02:01:35.730184,50,50,50,0.0008647441864013672
840,2025-10-28T02:01:35.731665,50,50,50,0.001470804214477539
841,2025-10-28T02:01:35.732744,50,50,50,0.0010654926300048828
842,2025-10-28T02:01:35.733769,50,50,50,0.0008907318115234375
843,2025-10-28T02:01:35.734779,50,50,50,0.0010001659393310547
844,2025-10-28T02:01:35.736862,50,50,50,0.0020711421966552734
845,2025-10-28T02:01:35.737903,50,50,50,0.0009999275207519531
846,2025-10-28T02:01:35.738809,50,50,50,0.0008924007415771484
847,2025-10-28T02:01:35.739936,50,50,50,0.0010297298431396484
848,2025-10-28T02:01:35.740762,50,50,50,0.0008158683776855469
849,2025-10-28T02:01:35.741543,50,50,50,0.000774383544921875
850,2025-10-28T02:01:35.742304,50,50,50,0.0007541179656982422
851,2025-10-28T02:01:35.743068,50,50,50,0.0007565021514892578
852,2025-10-28T02:01:35.743975,50,50,50,0.0008366107940673828
853,2025-10-28T02:01:35.744795,50,50,50,0.0008058547973632812
854,2025-10-28T02:01:35.745717,50,50,50,0.0009109973907470703
855,2025-10-28T02:01:35.747213,50,50,50,0.0014824867248535156
856,2025-10-28T02:01:35.748810,50,50,50,0.001584768295288086
857,2025-10-28T02:01:35.750098,50,50,50,0.0011882781982421875
858,2025-10-28T02:01:35.751348,50,50,50,0.0012378692626953125
859,2025-10-28T02:01:35.752156,50,50,50,0.0007965564727783203
860,2025-10-28T02:01:35.753120,50,50,50,0.0009417533874511719
861,2025-10-28T02:01:35.753962,50,50,50,0.0008301734924316406
862,2025-10-28T02:01:35.755077,50,50,50,0.0010385513305664062
863,2025-10-28T02:01:35.755911,50,50,50,0.0008244514465332031
864,2025-10-28T02:01:35.756678,50,50,50,0.0007586479187011719
865,2025-10-28T02:01:35.757435,50,50,50,0.0007505416870117188
866,2025-10-28T02:01:35.758183,50,50,50,0.0007424354553222656
867,2025-10-28T02:01:35.759056,50,50,50,0.0008022785186767578
868,2025-10-28T02:01:35.760671,50,50,50,0.0015985965728759766
869,2025-10-28T02:01:35.762237,50,50,50,0.0015523433685302734
870,2025-10-28T02:01:35.763025,50,50,50,0.0007774829864501953
871,2025-10-28T02:01:35.763768,50,50,50,0.0007359981536865234
872,2025-10-28T02:01:35.764614,50,50,50,0.0007736682891845703
873,2025-10-28T02:01:35.765484,50,50,50,0.0008614063262939453
874,2025-10-28T02:01:35.766360,50,50,50,0.000865936279296875
875,2025-10-28T02:01:35.767333,50,50,50,0.0009639263153076172
876,2025-10-28T02:01:35.768312,50,50,50,0.0009620189666748047
877,2025-10-28T02:01:35.769623,50,50,50,0.00121307373046875
878,2025-10-28T02:01:35.770820,50,50,50,0.0011858940124511719
879,2025-10-28T02:01:35.771709,50,50,50,0.0008778572082519531
880,2025-10-28T02:01:35.772491,50,50,50,0.0007750988006591797
881,2025-10-28T02:01:35.773293,50,50,50,0.0007946491241455078
882,2025-10-28T02:01:35.774222,50,50,50,0.0008542537689208984
883,2025-10-28T02:01:35.775252,50,50,50,0.001020669937133789
884,2025-10-28T02:01:35.776347,50,50,50,0.0010852813720703125
885,2025-10-28T02:01:35.777208,50,50,50,0.0008516311645507812
886,2025-10-28T02:01:35.778004,50,50,50,0.0007877349853515625
887,2025-10-28T02:01:35.778904,50,50,50,0.0008285045623779297
888,2025-10-28T02:01:35.779678,50,50,50,0.0007665157318115234
889,2025-10-28T02:01:35.780449,50,50,50,0.0007648468017578125
890,2025-10-28T02:01:35.781209,50,50,50,0.0007536411285400391
891,2025-10-28T02:01:35.782534,50,50,50,0.0013153553009033203
892,2025-10-28T02:01:35.784664,50,50,50,0.002041339874267578
893,2025-10-28T02:01:35.785861,50,50,50,0.0011837482452392578
894,2025-10-28T02:01:35.787057,50,50,50,0.0011856555938720703
895,2025-10-28T02:01:35.787832,50,50,50,0.0007660388946533203
896,2025-10-28T02:01:35.789029,50,50,50,0.0011873245239257812
897,2025-10-28T02:01:35.790110,50,50,50,0.000993490219116211
898,2025-10-28T02:01:35.790903,50,50,50,0.0007839202880859375
899,2025-10-28T02:01:35.791662,50,50,50,0.0007524490356445312
900,2025-10-28T02:01:35.792431,50,50,50,0.0007622241973876953
901,2025-10-28T02:01:35.793194,50,50,50,0.0007574558258056641
902,2025-10-28T02:01:35.794071,50,50,50,0.0008056163787841797
903,2025-10-28T02:01:35.794915,50,50,50,0.0008349418640136719
904,2025-10-28T02:01:35.796695,50,50,50,0.0017693042755126953
905,2025-10-28T02:01:35.797774,50,50,50,0.0010650157928466797
906,2025-10-28T02:01:35.798581,50,50,50,0.0007977485656738281
907,2025-10-28T02:01:35.806793,50,50,50,0.008140325546264648
908,2025-10-28T02:01:35.807559,50,50,50,0.0007560253143310547
909,2025-10-28T02:01:35.808324,50,50,50,0.0007579326629638672
910,2025-10-28T02:01:35.809077,50,50,50,0.0007464885711669922
911,2025-10-28T02:01:35.809804,50,50,50,0.0007207393646240234
912,2025-10-28T02:01:35.810696,50,50,50,0.0007996559143066406
913,2025-10-28T02:01:35.811466,50,50,50,0.0007610321044921875
914,2025-10-28T02:01:35.812220,50,50,50,0.0007469654083251953
915,2025-10-28T02:01:35.812978,50,50,50,0.0007474422454833984
916,2025-10-28T02:01:35.814554,50,50,50,0.0015664100646972656
917,2025-10-28T02:01:35.815455,50,50,50,0.0008237361907958984
918,2025-10-28T02:01:35.816314,50,50,50,0.0008494853973388672
919,2025-10-28T02:01:35.817263,50,50,50,0.0009372234344482422
920,2025-10-28T02:01:35.818827,50,50,50,0.001550912857055664
921,2025-10-28T02:01:35.819873,50,50,50,0.0010352134704589844
922,2025-10-28T02:01:35.820981,50,50,50,0.0009925365447998047
923,2025-10-28T02:01:35.821857,50,50,50,0.0008649826049804688
924,2025-10-28T02:01:35.822766,50,50,50,0.0008993148803710938
925,2025-10-28T02:01:35.823562,50,50,50,0.0007870197296142578
926,2025-10-28T02:01:35.824359,50,50,50,0.0007889270782470703
927,2025-10-28T02:01:35.825213,50,50,50,0.0007765293121337891
928,2025-10-28T02:01:35.826717,50,50,50,0.0014948844909667969
929,2025-10-28T02:01:35.827759,50,50,50,0.0010294914245605469
930,2025-10-28T02:01:35.828820,50,50,50,0.0010445117950439453
931,2025-10-28T02:01:35.829606,50,50,50,0.0007767677307128906
932,2025-10-28T02:01:35.831009,50,50,50,0.0013096332550048828
933,2025-10-28T02:01:35.831774,50,50,50,0.0007560253143310547
934,2025-10-28T02:01:35.832629,50,50,50,0.0008473396301269531
935,2025-10-28T02:01:35.833565,50,50,50,0.0009264945983886719
936,2025-10-28T02:01:35.834478,50,50,50,0.0009038448333740234
937,2025-10-28T02:01:35.835342,50,50,50,0.0007872581481933594
938,2025-10-28T02:01:35.836114,50,50,50,0.0007598400115966797
939,2025-10-28T02:01:35.836842,50,50,50,0.0007207393646240234
940,2025-10-28T02:01:35.837589,50,50,50,0.0007407665252685547
941,2025-10-28T02:01:35.838342,50,50,50,0.0007472038269042969
942,2025-10-28T02:01:35.839178,50,50,50,0.0007724761962890625
943,2025-10-28T02:01:35.840024,50,50,50,0.0008375644683837891
944,2025-10-28T02:01:35.840860,50,50,50,0.0008261203765869141
945,2025-10-28T02:01:35.841821,50,50,50,0.000949859619140625
946,2025-10-28T02:01:35.842616,50,50,50,0.0007779598236083984
947,2025-10-28T02:01:35.843459,50,50,50,0.0007727146148681641
948,2025-10-28T02:01:35.844225,50,50,50,0.0007593631744384766
949,2025-10-28T02:01:35.844981,50,50,50,0.0007493495941162109
950,2025-10-28T02:01:35.845708,50,50,50,0.0007200241088867188
951,2025-10-28T02:01:35.846442,50,50,50,0.000728607177734375
952,2025-10-28T02:01:35.847823,50,50,50,0.0013146400451660156
953,2025-10-28T02:01:35.848751,50,50,50,0.0009133815765380859
954,2025-10-28T02:01:35.849670,50,50,50,0.0009095668792724609
955,2025-10-28T02:01:35.850437,50,50,50,0.0007584095001220703
956,2025-10-28T02:01:35.851208,50,50,50,0.0007636547088623047
957,2025-10-28T02:01:35.852054,50,50,50,0.0007798671722412109
958,2025-10-28T02:01:35.852914,50,50,50,0.000850677490234375
959,2025-10-28T02:01:35.853730,50,50,50,0.0008056163787841797
960,2025-10-28T02:01:35.854742,50,50,50,0.0010008811950683594
961,2025-10-28T02:01:35.855538,50,50,50,0.000782012939453125
962,2025-10-28T02:01:35.856380,50,50,50,0.0007722377777099609
963,2025-10-28T02:01:35.857136,50,50,50,0.0007495880126953125
964,2025-10-28T02:01:35.858398,50,50,50,0.0012540817260742188
965,2025-10-28T02:01:35.859184,50,50,50,0.0007784366607666016
966,2025-10-28T02:01:35.859949,50,50,50,0.0007586479187011719
967,2025-10-28T02:01:35.861242,50,50,50,0.0012276172637939453
968,2025-10-28T02:01:35.862525,50,50,50,0.0012679100036621094
969,2025-10-28T02:01:35.863898,50,50,50,0.001331329345703125
970,2025-10-28T02:01:35.864823,50,50,50,0.0009114742279052734
971,2025-10-28T02:01:35.865965,50,50,50,0.0011303424835205078
972,2025-10-28T02:01:35.867645,50,50,50,0.0015902519226074219
973,2025-10-28T02:01:35.869208,50,50,50,0.0015485286712646484
974,2025-10-28T02:01:35.870447,50,50,50,0.0012254714965820312
975,2025-10-28T02:01:35.871341,50,50,50,0.0008633136749267578
976,2025-10-28T02:01:35.873366,50,50,50,0.00201416015625
977,2025-10-28T02:01:35.874963,50,50,50,0.0015125274658203125
978,2025-10-28T02:01:35.876567,50,50,50,0.0015897750854492188
979,2025-10-28T02:01:35.877489,50,50,50,0.0009083747863769531
980,2025-10-28T02:01:35.878271,50,50,50,0.0007734298706054688
981,2025-10-28T02:01:35.879097,50,50,50,0.0008187294006347656
982,2025-10-28T02:01:35.880150,50,50,50,0.0009610652923583984
983,2025-10-28T02:01:35.880932,50,50,50,0.0007734298706054688
984,2025-10-28T02:01:35.881696,50,50,50,0.0007517337799072266
985,2025-10-28T02:01:35.882461,50,50,50,0.0007586479187011719
986,2025-10-28T02:01:35.883232,50,50,50,0.0007638931274414062
987,2025-10-28T02:01:35.884129,50,50,50,0.0008282661437988281
988,2025-10-28T02:01:35.885803,50,50,50,0.0016632080078125
989,2025-10-28T02:01:35.886794,50,50,50,0.0009784698486328125
990,2025-10-28T02:01:35.887594,50,50,50,0.0007910728454589844
991,2025-10-28T02:01:35.888372,50,50,50,0.0007700920104980469
992,2025-10-28T02:01:35.889291,50,50,50,0.0008451938629150391
993,2025-10-28T02:01:35.890086,50,50,50,0.0007865428924560547
994,2025-10-28T02:01:35.890939,50,50,50,0.0008459091186523438
995,2025-10-28T02:01:35.891723,50,50,50,0.0007741451263427734
996,2025-10-28T02:01:35.892810,50,50,50,0.0010771751403808594
997,2025-10-28T02:01:35.893734,50,50,50,0.0008199214935302734
998,2025-10-28T02:01:35.894535,50,50,50,0.0007927417755126953
999,2025-10-28T02:01:35.895315,50,50,50,0.0007736682891845703
1000,2025-10-28T02:01:35.896092,50,50,50,0.0007641315460205078
